,,,,,,,,
INVENTARIA DE NENA,,,,,,,,
4/6/2026,,,,,,,,
,,,,,,,,
Sede:            BARQUISIMETO,,,,,,,,
Código,Descripción,Código de Barras,UMF,Cantidad,Precio,Vencimiento,Fecha Lista de precio,PEDIDO
DT180,ACEITE ALMENDRAS DT 30 X12,1759161600039,1,8,12467.77,01/01/2029,30/03/2026,
19987,ACEITE DE CASTOR 30ML. BIOFARCO,7591616002272,1,23,2484.07,01/02/2029,30/03/2026,
16291,ACEITE DE COCO 30ML. BIOFARCO,7591616000056,1,72,1483.81,01/01/2029,30/03/2026,
16292,ACEITE MINERAL 30ML. BIOFARCO,7591616000162,1,164,1000.27,01/11/2028,30/03/2026,
DT210,ACEITE RICINO DT 30 X12,17591616000138,1,23,22280.81,01/02/2029,30/03/2026,
16284,"ACETAFEN FORTE 180MG./5ML.(ACETAMINOFEN) SUSPENSION ORAL DE USO PEDIATRICO 120ML. FABRICANTE LABORATORIOS BIOFARCO, C.A",7591616002142,1,19,1483.81,01/04/2027,30/03/2026,
DT300,ACIDO BORICO DT 20GRAMOS X12 SOBRES,17591616001463,1,41,8229.68,01/03/2029,30/03/2026,
16326,ALCOHOL ABSOLUTO 240ML. BIOFARCO,7591616000285,12,96,2194.90,01/11/2028,30/03/2026,
16325,ALCOHOL ABSOLUTO 60ML. BIOFARCO,7591616000315,1,402,1000.27,01/10/2028,30/03/2026,
DT490,ALCOHOL ABSOLUTO DROTOCA 120 CC,7591616000261,12,138,1398.48,01/10/2028,30/03/2026,
16327,ALCOHOL ANTISEPTICO AL 70% V/V EN SPRAY 120ML. BIOFARCO,7591616002111,1,60,1170.93,01/01/2029,30/03/2026,
DT440,ALCOHOL YODADO DROTOCA 60 ML X 12,17591616000343,1,0,1304.50,01/11/2026,19/01/2026,
DT400,ALUMBRE EN POLVO 20GR X 12 UNIDADES,17591616001487,1,46,7191.49,01/01/2029,30/03/2026,
DT410,AZUFRE POLVO DT X12,17591616001517,1,0,6234.87,01/11/2028,30/03/2026,
19793,CALAMINA LOCION TOPICA REFRESCANTE 110ML. BIOFARCO,7591616002227,1,217,2313.41,01/02/2028,30/03/2026,
19844,CALAMINA LOCION TOPICA REFRESCANTE 180ML. BIOFARCO,7591616002234,1,110,3285.23,01/02/2028,30/03/2026,
16634,"CALZINC D 833MG-5MCG-7,5MG/10ML. SUSPENSION ORAL DE USO PEDIATRICO 240ML. (CALCIO - VITAMINA D3 - ZINC)",7591616002159,1,78,3176.20,01/03/2028,30/03/2026,
11743,CITRATO DE POTASIO BF 10% SOLUCION EDULCORADA 1000ML.BIOFARCO,7591616000704,1,309,4745.34,01/11/2028,30/03/2026,
16295,CITRATO DE POTASIO SOLUCION AL 10% EDULCORADA 500ML. BIOFARCO,7591616002937,1,206,3427.45,01/11/2028,30/03/2026,
16294,"CLORURO DE MAGNESIO SABOR A FRESA SOLUCION AL 3,33% P/V 500ML. BIOFARCO",7591616002951,1,34,2711.62,01/01/2029,30/03/2026,
15936,"CLORURO DE MAGNESIO SOLUCION AL 3,33% 1000ML. BIOFARCO",7591616002944,1,39,3631.30,01/01/2029,30/03/2026,
16290,DENT-OL ENJUAGUE BUCAL ORIGINAL 250ML. BIOFARCO,7591616002050,1,49,1516.99,01/12/2027,30/03/2026,
22271,DENT-OL ENJUAGUE BUCAL SABOR CANELA 240ML.,7591616002395,1,35,1801.43,01/11/2027,30/03/2026,
22272,DENT-OL ENJUAGUE BUCAL SABOR MENTA 240ML.,7591616002401,1,26,1483.81,01/09/2027,30/03/2026,
DT240,GLICERINA DT 30 X12,17591616000664,1,35,14392.46,01/03/2029,30/03/2026,
19794,JARABE DE BERRO 180ML. BIOFARCO,7591616002258,1,32,2313.41,01/02/2028,30/03/2026,
13087,LECHE DE MAGNESIA ORIGINAL 120ML.(HIDROXIDO DE MAGNESIO) BIOFARCO,7591616000902,1,422,2796.95,01/02/2028,30/03/2026,
15965,LECHE DE MAGNESIA SABOR A MENTA 120ML.(HIDROXIDO DE MAGNESIO) BIOFARCO,7591616002005,1,132,2796.95,01/03/2028,30/03/2026,
21395,LIMONADA LAXANTE (CITRATO DE MAGNESIO) 240ML. BIOFARCO,7591616002326,1,8,2398.74,01/07/2027,30/03/2026,
16283,NEUTROX 185MG.-200MG./5ML. SUSPENSION ORAL ANTIACIDO SABOR A MENTA 240ML. (HIDROXIDO DE ALUMIO - HIRDROXIDO DE MAGNESIO) FABRICANTE LABORATORIOS BIOFA,7591616002043,1,0,3402.36,01/10/2027,30/03/2026,
DT530,PASTA AL AGUA DROTOCA 100 GR,7591616000988,1,132,2398.74,01/03/2029,30/03/2026,
16300,POLVOS DE TALCO BORICADO MENTOLADO 200GR. BIOFARCO,7591616001916,1,20,2403.48,01/03/2029,30/03/2026,
16299,POLVOS DE TALCO BORICADO MENTOLADO 90GR. BIOFARCO,7591616002036,1,18,1398.48,01/03/2029,30/03/2026,
DT360,SAL DE EPSOM DT 20GRAMOS X12SOBRES,17591616001616,1,51,7542.29,01/03/2029,30/03/2026,
DT370,SAL DE HIGUERA DT 20GRAMOS X12SOBRES,17591616001630,1,44,7542.29,01/03/2029,30/03/2026,
21400,URISOFT LOCION HIDRATANTE PARA MANOS 240ML. BIOFARCO,7591616002319,1,9,2171.19,01/02/2028,30/03/2026,
15939,VASELINA BIOFARCO 25GR.,7591616001411,1,181,1085.60,01/02/2029,30/03/2026,
DT510,VASELINA DROTOCA 50GR.,7591616001428,1,78,1398.48,01/01/2029,30/03/2026,
16286,"VITACON C 100MG./ML. SOLUCION ORAL DE USO PEDIATRICO 120ML. (VITAMINA C) FABRICANTE LABORATORIOS BIOFARCO, C.A",7591616002135,1,461,1573.88,01/03/2028,30/03/2026,
NUTRACEUTICA,,,,,,,,
Código,Descripción,Código de Barras,UMF,Cantidad,Precio,Vencimiento,Fecha Lista de precio,
20081,FERYFOL COMPLEMENTO ALIMENTICIO A BASE DE HIERRO AMINOQUELADO Y ACIDO FOLICO EN JARABE CON SABOR A AVELLANA 120ML. BIOFARCO NUTRACÉUTICA,7599558000110,1,18,2398.74,01/02/2028,30/03/2026,
21396,HYDRORAL (ELECTROLITOS+DEXTROSA) COCO 500ML. BIOFARCO,7599558000134,1,9,1659.21,01/02/2028,30/03/2026,
21398,HYDRORAL (ELECTROLITOS+DEXTROSA) FRESA 500ML. BIOFARCO,7599558000127,1,36,1659.21,01/03/2028,30/03/2026,
21397,HYDRORAL (ELECTROLITOS+DEXTROSA) UVA 500ML. BIOFARCO,7599558000141,1,28,1659.21,01/02/2028,30/03/2026,
21437,NEUROVITAL KIDS EMULSION (FOSFOLIPIDOS+INOSITOL+COMPLEJO B ) 180ML. BIOFARCO,7599558000165,1,22,3858.85,01/02/2028,30/03/2026,
21438,NEUROVITAL SABOR A FRUTOS ROJOS (FOSFOLIPIDOS+COMPLEJO B) POLVO 100G. BIOFARCO,7599558000226,1,11,5138.81,01/01/2028,30/03/2026,
21436,PROBIOCON ZINC SABOR UVA (LACTOBACILLUS CASEL+LACTOBACILLUS PLANTARUM+PREBIOTICO+ZINC) X10 SOBRES DE 1G. BIOFARCO,7599558000202,1,9,3655.00,01/10/2027,30/03/2026,
21435,PROBIOLITOS SABOR A FRESA (LACTOBAILLUS CASEL+LACTOBACILLUS PLANTARUM+PREBIOTICO+ELECTROLITOS) X10 SOBRES DE 1G. BIOFARCO,7599558000219,1,48,3598.11,01/11/2027,30/03/2026,
20080,ZINCOSOL COMPLEMENTO ALIMENTICIO A BASE DE SULFATO DE ZINC CON SABOR A UVA EN JARABE 120ML. BIOFARCO NUTRACÉUTICA,7599558000103,1,212,2232.82,01/02/2028,30/03/2026,